Workbook

Sheet 表紙
B2: ATOM テスト仕様書
B3: ASP.NET Web Forms 版 ATOM 画面テスト仕様書
B5: 対象システム | C5: ATOM（TJM_ATOM）
B6: 対象バージョン | C6: 0.1.0
B7: 作成日 | C7: 2026-08-14
B8: 対象画面 | C8: 共通ヘッダー／ログイン画面／メインメニュー画面／INVOICE・PACKING取込画面／取込結果確認画面
B9: 粒度 | C9: 画面項目・操作単位の網羅
B10: 関連文書 | C10: docs/specs/ 配下の画面設計書、docs/02_保守マップ.md
B12: 凡例
B13: 状態＝実装済 | C13: 現時点で実装されており、テストできる項目
B14: 状態＝未実装 | C14: 仕様として起票済みだが、まだ実装していない項目。実装後にそのまま使う
B15: 黄色のセル | C15: テスト実施者が記入する欄（実施日・結果・確認者・備考）
B16: 結果 | C16: OK / NG / 対象外 から選択（入力規則あり）
B18: 件数集計
B19: シート | C19: 総数 | D19: 実装済 | E19: 未実装 | F19: OK | G19: NG
B20: 共通_ヘッダー | C20: =COUNTA(共通_ヘッダー!$A$2:$A$500) | D20: =COUNTIF(共通_ヘッダー!$H$2:$H$500,"実装済") | E20: =COUNTIF(共通_ヘッダー!$H$2:$H$500,"未実装") | F20: =COUNTIF(共通_ヘッダー!$J$2:$J$500,"OK") | G20: =COUNTIF(共通_ヘッダー!$J$2:$J$500,"NG")
B21: 共通_認証セッション | C21: =COUNTA(共通_認証セッション!$A$2:$A$500) | D21: =COUNTIF(共通_認証セッション!$H$2:$H$500,"実装済") | E21: =COUNTIF(共通_認証セッション!$H$2:$H$500,"未実装") | F21: =COUNTIF(共通_認証セッション!$J$2:$J$500,"OK") | G21: =COUNTIF(共通_認証セッション!$J$2:$J$500,"NG")
B22: ログイン画面 | C22: =COUNTA(ログイン画面!$A$2:$A$500) | D22: =COUNTIF(ログイン画面!$H$2:$H$500,"実装済") | E22: =COUNTIF(ログイン画面!$H$2:$H$500,"未実装") | F22: =COUNTIF(ログイン画面!$J$2:$J$500,"OK") | G22: =COUNTIF(ログイン画面!$J$2:$J$500,"NG")
B23: メニュー画面 | C23: =COUNTA(メニュー画面!$A$2:$A$500) | D23: =COUNTIF(メニュー画面!$H$2:$H$500,"実装済") | E23: =COUNTIF(メニュー画面!$H$2:$H$500,"未実装") | F23: =COUNTIF(メニュー画面!$J$2:$J$500,"OK") | G23: =COUNTIF(メニュー画面!$J$2:$J$500,"NG")
B24: INVOICE取込画面 | C24: =COUNTA(INVOICE取込画面!$A$2:$A$500) | D24: =COUNTIF(INVOICE取込画面!$H$2:$H$500,"実装済") | E24: =COUNTIF(INVOICE取込画面!$H$2:$H$500,"未実装") | F24: =COUNTIF(INVOICE取込画面!$J$2:$J$500,"OK") | G24: =COUNTIF(INVOICE取込画面!$J$2:$J$500,"NG")
B25: 取込結果確認画面 | C25: =COUNTA(取込結果確認画面!$A$2:$A$500) | D25: =COUNTIF(取込結果確認画面!$H$2:$H$500,"実装済") | E25: =COUNTIF(取込結果確認画面!$H$2:$H$500,"未実装") | F25: =COUNTIF(取込結果確認画面!$J$2:$J$500,"OK") | G25: =COUNTIF(取込結果確認画面!$J$2:$J$500,"NG")
B26: 合計 | C26: =SUM(C20:C25) | D26: =SUM(D20:D25) | E26: =SUM(E20:E25) | F26: =SUM(F20:F25) | G26: =SUM(G20:G25)

Sheet 共通_ヘッダー
A1: No | B1: 大分類 | C1: 中分類 | D1: 確認項目 | E1: 前提条件 | F1: 操作手順 | G1: 期待結果 | H1: 状態 | I1: 実施日 | J1: 結果 | K1: 確認者 | L1: 備考
A2: 1 | B2: 共通ヘッダー | C2: アイコン | D2: 再読み込みアイコンで画面が再表示される | E2: 任意の画面を表示している | F2: ヘッダー左端の再読み込みアイコンを押す | G2: 同じ画面が再表示される。ブラウザの「フォーム再送信の確認」が出ない | H2: 実装済
A3: 2 | B3: 共通ヘッダー | C3: アイコン | D3: マニュアル未設定時のメッセージ | E3: Web.config の Atom.ManualUrl が空 | F3: マニュアルアイコンを押す | G3: 「現在未実装です。」がメッセージ領域に表示される。画面は遷移しない | H3: 実装済
A4: 3 | B4: 共通ヘッダー | C4: アイコン | D4: マニュアルの新しいタブ表示 | E4: Atom.ManualUrl に URL を設定する | F4: マニュアルアイコンを押す | G4: 設定した URL が新しいタブで開く。元の画面はそのまま残る | H4: 実装済
A5: 4 | B5: 共通ヘッダー | C5: タイトル | D5: メニュー画面のタイトル表示 | E5: ログイン済み | F5: メニュー画面を表示する | G5: 「ATOM」「（ Arrangement of Tool Orders & Materials System ）」「Ver.0.1.0」が表示される | H5: 実装済
A6: 5 | B6: 共通ヘッダー | C6: タイトル | D6: 業務画面のタイトル表示 | E6: ログイン済み | F6: INVOICE/PACKING取込画面を開く | G6: AtomScreens.json の Title「INVOICE/PACKING取込み」が表示される。ATOM ロゴは表示されない | H6: 実装済
A7: 6 | B7: 共通ヘッダー | C7: タイトル | D7: バージョンの設定反映 | E7: Web.config の Atom.SystemVersion を 0.2.0 に変更する | F7: メニュー画面を再表示する | G7: 「Ver.0.2.0」と表示される | H7: 実装済
A8: 7 | B8: 共通ヘッダー | C8: 配色 | D8: 既定の背景色 | E8: AtomScreens.json の HeaderBackColor が空 | F8: 任意の画面を表示する | G8: ヘッダー背景が DefaultHeaderBackColor（#400080）になる | H8: 実装済
A9: 8 | B9: 共通ヘッダー | C9: 配色 | D9: 画面ごとの背景色 | E9: menuNo=101 の HeaderBackColor に #1F4E79 を設定する | F9: 取込画面を再表示する | G9: その画面のヘッダーだけ #1F4E79 になる。再ビルドは不要 | H9: 実装済
A10: 9 | B10: 共通ヘッダー | C10: 配色 | D10: 不正な色指定の扱い | E10: HeaderBackColor に「red」など #RRGGBB 以外を設定する | F10: 画面を再表示する | G10: 既定色（#400080）で表示される。画面は落ちない | H10: 実装済
A11: 10 | B11: 共通ヘッダー | C11: 利用者表示 | D11: 氏名の表示 | E11: 社員名「山田 太郎」でログイン済み | F11: 任意の画面を表示する | G11: ヘッダー右端に「山田 太郎」が表示される。「使用者」の接頭辞は付かない | H11: 実装済
A12: 11 | B12: 共通ヘッダー | C12: 利用者表示 | D12: 未ログイン時は非表示 | E12: 未ログイン | F12: ログイン画面を表示する | G12: 利用者名の枠ごと表示されない | H12: 実装済
A13: 12 | B13: 共通ヘッダー | C13: 画面固有ボタン | D13: 取込画面のボタン構成 | E13: ログイン済み | F13: INVOICE/PACKING取込画面を開く | G13: ヘッダー右側に「INVヘッダ」「INV確認」「MENUへ」が左から順に並ぶ | H13: 実装済
... A19: 18 | B19: 共通ヘッダー | C19: セキュリティ | D19: 利用者名のエスケープ | E19: 社員名に「<b>test</b>」が登録されている | F19: ログインして画面を表示する | G19: タグが解釈されず、文字列としてそのまま表示される | H19: 実装済

Sheet 共通_認証セッション
A1: No | B1: 大分類 | C1: 中分類 | D1: 確認項目 | E1: 前提条件 | F1: 操作手順 | G1: 期待結果 | H1: 状態 | I1: 実施日 | J1: 結果 | K1: 確認者 | L1: 備考
A2: 1 | B2: 認証 | C2: 直接アクセス | D2: 未ログインでメニュー画面へ直接アクセス | E2: 未ログイン | F2: ブラウザで /Default.aspx を開く | G2: ログイン画面へリダイレクトされる。URL に ReturnUrl が付く | H2: 実装済
A3: 2 | B3: 認証 | C3: 直接アクセス | D3: 未ログインで業務画面へ直接アクセス | E3: 未ログイン | F3: ブラウザで /Pages/Entry/InvoiceImport.aspx を開く | G3: ログイン画面へリダイレクトされる | H3: 実装済
A4: 3 | B4: 認証 | C4: 直接アクセス | D4: ログイン後に元の画面へ戻る | E4: 上記の状態 | F4: 社員コードを入力してログインする | G4: 取込画面が表示される | H4: 実装済
A5: 4 | B5: 認証 | C5: 直接アクセス | D5: 外部サイトへの誘導を防ぐ（//） | E5: 未ログイン | F5: /Pages/Common/Login.aspx?ReturnUrl=//example.com を開きログインする | G5: 外部サイトへ遷移せず、メニュー画面が表示される | H5: 実装済
A6: 5 | B6: 認証 | C6: 直接アクセス | D6: 外部サイトへの誘導を防ぐ（/\） | E6: 未ログイン | F6: ReturnUrl=/\example.com でログインする | G6: 外部サイトへ遷移せず、メニュー画面が表示される | H6: 実装済
A7: 6 | B7: 認証 | C7: 直接アクセス | D7: 外部サイトへの誘導を防ぐ（絶対URL） | E7: 未ログイン | F7: ReturnUrl=http://example.com でログインする | G7: 外部サイトへ遷移せず、メニュー画面が表示される | H7: 実装済
A8: 7 | B8: 認証 | C8: ログイン状態 | D8: ログイン済みでログイン画面を開く | E8: ログイン済み | F8: /Pages/Common/Login.aspx を開く | G8: メニュー画面へリダイレクトされる | H8: 実装済
A9: 8 | B9: 認証 | C9: セッション | D9: タイムアウト後の操作 | E9: ログイン後 60 分以上操作しない | F9: 画面上のボタンを押す | G9: ログイン画面が表示される。入力内容は保持しない（方針どおり） | H9: 実装済
A10: 9 | B10: 認証 | C10: セッション | D10: ログアウト後のブラウザバック | E10: ログアウト済み | F10: ブラウザの戻るでメニュー画面を表示し、ボタンを押す | G10: ログイン画面へ遷移する。業務処理は実行されない | H10: 実装済
A11: 10 | B11: 認証 | C11: セッション | D11: アプリ再起動後のログイン状態 | E11: ログイン済み。IIS のアプリケーションプールをリサイクルする | F11: 画面を再読み込みする | G11: ログイン画面へ戻る（sessionState は InProc のため。仕様どおり） | H11: 実装済
A12: 11 | B12: 認証 | C12: CSRF | D12: ViewState の改ざん検知 | E12: ログイン済み | F12: 画面の __VIEWSTATE を書き換えてポストバックする | G12: エラーとなり処理は実行されない。画面に例外の詳細は表示されない | H12: 実装済
A13: 12 | B13: 認証 | C13: 権限 | D13: 権限が無いメニューの表示 | E13: 権限のない社員でログインする | F13: メニュー画面を表示する | G13: 対象ボタンが押せず「権限なし」と表示される | H13: 未実装
... A16: 15 | B16: 認証 | C16: 例外 | D16: 例外の詳細を画面に出さない | E16: DB を停止する | F16: ログインまたは業務処理を行う | G16: 定型のメッセージのみ表示される。スタックトレースや SQL 文は表示されない | H16: 実装済

Sheet ログイン画面
A1: No | B1: 大分類 | C1: 中分類 | D1: 確認項目 | E1: 前提条件 | F1: 操作手順 | G1: 期待結果 | H1: 状態 | I1: 実施日 | J1: 結果 | K1: 確認者 | L1: 備考
A2: 1 | B2: ログイン画面 | C2: 初期表示 | D2: 画面の表示 | E2: 未ログイン | F2: / を開く | G2: ログイン画面が表示され、社員コード欄にカーソルがある | H2: 実装済
A3: 2 | B3: ログイン画面 | C3: 初期表示 | D3: ヘッダーの表示 | E3: 未ログイン | F3: ログイン画面を表示する | G3: ATOM のタイトルが表示され、利用者名は表示されない | H3: 実装済
A4: 3 | B4: ログイン画面 | C4: 社員コード | D4: 未入力 | E4: - | F4: 何も入力せず「ログイン」を押す | G4: 「社員コードを入力してください。」が表示される | H4: 実装済
A5: 4 | B5: ログイン画面 | C5: 社員コード | D5: 桁数不足 | E5: - | F5: 「12345」（5桁）を入力して「ログイン」を押す | G5: 「入力桁数が不正です（６桁）。」が表示される | H5: 実装済
A6: 5 | B6: ログイン画面 | C6: 社員コード | D6: 桁数超過の入力制限 | E6: - | F6: 7桁以上を入力しようとする | G6: 6桁までしか入力できない（MaxLength=6） | H6: 実装済
A7: 6 | B7: ログイン画面 | C7: 社員コード | D7: 存在しないコード | E7: - | F7: 存在しない6桁のコードを入力して「ログイン」を押す | G7: 「存在しない社員コードが入力されました。」が表示される。画面は遷移しない | H7: 実装済
A8: 7 | B8: ログイン画面 | C8: 社員コード | D8: 正常ログイン | E8: 有効な社員コードがある | F8: 有効な6桁のコードを入力して「ログイン」を押す | G8: メニュー画面へ遷移し、ヘッダー右端に社員名が表示される | H8: 実装済
A9: 8 | B9: ログイン画面 | C9: 社員コード | D9: 前後の空白 | E9: 有効な社員コードがある | F9: 前後に空白を付けて入力し「ログイン」を押す | G9: 空白は除かれて認証され、ログインできる | H9: 実装済
A10: 9 | B10: ログイン画面 | C10: 社員コード | D10: サーバー側の再検証 | E10: - | F10: ブラウザの検証を無効化し、5桁のままポストバックする | G10: 「入力桁数が不正です（６桁）。」が表示され、DB へ問い合わせない | H10: 実装済
A11: 10 | B11: ログイン画面 | C11: セッション | D11: 保持する情報 | E11: 有効な社員コードがある | F11: ログインし、Session の内容を確認する | G11: LoginCode / LoginName / BumonCode / ModeAtom / ShanghaiChotatsu / MailAddress が保持される | H11: 実装済
A12: 11 | B12: ログイン画面 | C12: セッション | D12: 社員名の桁数 | E12: 社員名が 30 文字程度の社員がある | F12: ログインする | G12: 氏名が途中で切れずにヘッダーへ表示される（nvarchar(50) まで対応） | H12: 実装済
A13: 12 | B13: ログイン画面 | C13: 二重送信 | D13: ボタン連打 | E13: 有効な社員コードがある | F13: 「ログイン」を素早く 2 回以上押す | G13: ログイン履歴が 1 件だけ登録される。2 回目以降はボタンが無効になる | H13: 実装済
... A17: 16 | B17: ログイン画面 | C17: 操作 | D17: Enter キーで桁数チェックが働く | E17: - | F17: 社員コードを3桁だけ入力して Enter を押す | G17: 「入力桁数が不正です（６桁）。」が表示され、送信されない | H17: 実装済

Sheet メニュー画面
A1: No | B1: 大分類 | C1: 中分類 | D1: 確認項目 | E1: 前提条件 | F1: 操作手順 | G1: 期待結果 | H1: 状態 | I1: 実施日 | J1: 結果 | K1: 確認者 | L1: 備考
A2: 1 | B2: メニュー画面 | C2: 初期表示 | D2: ブロックと項目の構成 | E2: ログイン済み | F2: メニュー画面を表示する | G2: 4ブロック17項目が AtomScreens.json の定義どおりに表示される | H2: 実装済
A3: 2 | B3: メニュー画面 | C3: 初期表示 | D3: 列の配置 | E3: ログイン済み | F3: メニュー画面を表示する | G3: 1列目=上海輸入定期便＆AIR便 / 2列目=その他輸入関連→マスタ関連 / 3列目=輸入経費入力→ログアウト | H3: 実装済
A4: 3 | B4: メニュー画面 | C4: 初期表示 | D4: ブロックの配色 | E4: ログイン済み | F4: メニュー画面を表示する | G4: 上海・その他輸入・輸入経費が水色、マスタ関連がピンク。見出し帯はピンク | H4: 実装済
A5: 4 | B5: メニュー画面 | C5: 初期表示 | D5: 見出しの折り返し | E5: ログイン済み | F5: 「上海輸入定期便＆AIR便」の見出しを確認する | G5: 途中で折り返さず 1 行で表示される | H5: 実装済
A6: 5 | B6: メニュー画面 | C6: 初期表示 | D6: 列の間隔 | E6: ログイン済み | F6: 2列目のブロック間を確認する | G6: その他輸入関連の直下にマスタ関連が続き、大きな余白ができない | H6: 実装済
A7: 6 | B7: メニュー画面 | C7: 遷移 | D7: 実装済み画面への遷移 | E7: ログイン済み | F7: 「INVOICE/PACKING取込み」を押す | G7: INVOICE/PACKING取込画面へ遷移する | H7: 実装済
A8: 7 | B8: メニュー画面 | C8: 遷移 | D8: 未実装画面の押下 | E8: ログイン済み | F8: 「INVOICE確認」など Url が空の項目を押す | G8: 「現在未実装です。」が表示され、メニュー画面に留まる | H8: 実装済
A9: 8 | B9: メニュー画面 | C9: 遷移 | D9: 権限が無い項目 | E9: 権限のない社員でログインする | F9: 対象の項目を確認する | G9: ボタンが押せず、下に「権限なし」と表示される | H9: 未実装
A10: 9 | B10: メニュー画面 | C10: ログアウト | D10: ログアウトの位置 | E10: ログイン済み | F10: メニュー画面を表示する | G10: 3列目の輸入経費入力ブロックの直下に、同じ幅で「ログアウト」が表示される | H10: 実装済
A11: 10 | B11: メニュー画面 | C11: ログアウト | D11: ログアウトの動作 | E11: ログイン済み | F11: 「ログアウト」を押す | G11: セッションが破棄され、ログイン画面が表示される | H11: 実装済
A12: 11 | B12: メニュー画面 | C12: ログアウト | D12: 未保存確認が出ないこと | E12: ログイン済み | F12: メニュー画面で「ログアウト」を押す | G12: 入力欄が無いため確認ダイアログは表示されず、そのままログアウトする | H12: 実装済
A13: 12 | B13: メニュー画面 | C13: 画面定義 | D13: 名称の変更が反映される | E13: - | F13: AtomScreens.json の Title を変更して保存し、画面を再読み込みする | G13: 再ビルドなしでボタンの表示名が変わる | H13: 実装済
... A18: 17 | B18: メニュー画面 | C18: 画面定義 | D18: Hidden の画面がメニューに出ないこと | E18: AtomScreens.json に Hidden=true の画面（menuNo=108）がある | F18: メニュー画面を表示する | G18: 「取込内容確認」はどのブロックにも表示されない | H18: 実装済

Sheet INVOICE取込画面
A1: No | B1: 大分類 | C1: 中分類 | D1: 確認項目 | E1: 前提条件 | F1: 操作手順 | G1: 期待結果 | H1: 状態 | I1: 実施日 | J1: 結果 | K1: 確認者 | L1: 備考
A2: 1 | B2: 取込画面 | C2: 初期表示 | D2: 発注先の選択肢 | E2: ログイン済み | F2: 取込画面を開く | G2: 項目マスタ（COS）から「上海タジマ」「庸助貿易」「上海タジマ（円）」が表示される。「全て」は出ない | H2: 実装済
A3: 2 | B3: 取込画面 | C3: 初期表示 | D3: 通貨の選択肢 | E3: ログイン済み | F3: 取込画面を開く | G3: JPY と RMB が表示され、どちらも未選択 | H3: 実装済
A4: 3 | B4: 取込画面 | C4: 初期表示 | D4: 担当の初期値 | E4: shanghai_chotatsu = 1 の社員でログインする | F4: 取込画面を開く | G4: 担当が「上海」で選択されている | H4: 実装済
A5: 4 | B5: 取込画面 | C5: 初期表示 | D5: REF_NO の状態 | E5: ログイン済み | F5: 取込画面を開く | G5: REF_NO は空欄、グレー背景で入力できない | H5: 実装済
A6: 5 | B6: 取込画面 | C6: 入力チェック | D6: 発注先の未選択 | E6: - | F6: 発注先を選ばず「取り込み」を押す | G6: 「発注先を選択してください。」が表示される | H6: 実装済
A7: 6 | B7: 取込画面 | C7: 入力チェック | D7: 通貨の未選択 | E7: 発注先を選択済み | F7: 通貨を選ばず「取り込み」を押す | G7: 「通貨を選択してください。」が表示される | H7: 実装済
A8: 7 | B8: 取込画面 | C8: 入力チェック | D8: INVOICE ファイルの未選択 | E8: 発注先・通貨を選択済み | F8: ファイルを選ばず「取り込み」を押す | G8: 「INVOICEファイルを選択してください。」が表示される | H8: 実装済
A9: 8 | B9: 取込画面 | C9: 入力チェック | D9: PACKING ファイルの未選択 | E9: INVOICE のみ選択済み | F9: 「取り込み」を押す | G9: 「PACKINGファイルを選択してください。」が表示される | H9: 実装済
A10: 9 | B10: 取込画面 | C10: 入力チェック | D10: 拡張子が対象外 | E10: - | F10: テキストファイル（.txt）を選んで「取り込み」を押す | G10: 「Excelファイル（.xls / .xlsx）を選択してください。」が表示される | H10: 実装済
A11: 10 | B11: 取込画面 | C11: 入力チェック | D11: xlsx を受け付ける | E11: - | F11: SJ-TJ7694_INV.xlsx と _PAC.xlsx を選んで取り込む | G11: エラーにならず取り込める | H11: 実装済
A12: 11 | B12: 取込画面 | C12: 入力チェック | D12: INV と PAC のファイル名不一致 | E12: - | F12: AAAA_INV.xls と BBBB_PAC.xls を選んで「取り込み」を押す | G12: 「INVOICEとPACKINGのファイル名が一致しません。」が表示される | H12: 実装済
A13: 12 | B13: 取込画面 | C13: 入力チェック | D13: 通貨不一致（SJ-TJ×RMB） | E13: - | F13: SJ-TJ7694_INV.xls を選び、通貨に RMB を選んで「取り込み」を押す | G13: 「INVOICEと通貨が一致しません。」が表示される | H13: 実装済
... A89: 88 | B89: 取込画面 | C89: 本登録 | D89: 箱数の集計 | E89: - | F89: 本登録後、tbl_t_shanghai_invoice_header_sub を確認する | G89: carton_qty が（終了 − 開始 + 1）の合計になっている | H89: 実装済

Sheet 取込結果確認画面
A1: No | B1: 大分類 | C1: 中分類 | D1: 確認項目 | E1: 前提条件 | F1: 操作手順 | G1: 期待結果 | H1: 状態 | I1: 実施日 | J1: 結果 | K1: 確認者 | L1: 備考
A2: 1 | B2: 確認画面 | C2: 初期表示 | D2: 別タブで開く | E2: 取込画面で取り込み済み | F2: 取込画面で「取込内容確認」を押す | G2: 新しいタブで取込結果確認画面が開く | H2: 実装済
A3: 2 | B3: 確認画面 | C3: 初期表示 | D3: ヘッダーの表示 | E3: - | F3: 画面を開く | G3: 画面名「取込結果確認」が表示され、ヘッダーに「閉じる」「MENUへ」がある | H3: 実装済
A4: 3 | B4: 確認画面 | C4: 初期表示 | D4: 初期タブ | E4: - | F4: 画面を開く | G4: INVOICE タブが選択されており、INVOICE 一覧が表示される | H4: 実装済
A5: 4 | B5: 確認画面 | C5: 初期表示 | D5: 元INV_NO の選択肢 | E5: 2つの INVOICE 番号を含むデータ | F5: 画面を開く | G5: 先頭が「（すべて）」で、続いて一時データの INVOICE 番号が昇順で並ぶ | H5: 実装済
A6: 5 | B6: 確認画面 | C6: 初期表示 | D6: 件数の表示 | E6: - | F6: 画面を開く | G6: 一覧の件数が「n 件」で表示される | H6: 実装済
A7: 6 | B7: 確認画面 | C7: 初期表示 | D7: 自分の分だけ表示 | E7: 他の利用者の一時データがある | F7: 画面を開く | G7: 自分のログインコードの行だけが表示される | H7: 実装済
A8: 7 | B8: 確認画面 | C8: 初期表示 | D8: 取込データが無い場合 | E8: 一度も取り込んでいない | F8: 画面を開く | G8: 「対象データがありません。」が表示され、エラーにならない | H8: 実装済
A9: 8 | B9: 確認画面 | C9: 一覧表示 | D9: INVOICE の列 | E9: - | F9: INVOICE タブを見る | G9: ERR_CONTENTS／数量／単位／通貨／単価／金額／購買伝票#／INVOICE#／B/L DATE／出荷方法／品目コード／品名 の12列が並ぶ | H9: 実装済
A10: 9 | B10: 確認画面 | C10: 一覧表示 | D10: PACKING の列 | E10: - | F10: PACKING タブを見る | G10: ERR_CONTENTS／INVOICE_NO／PO／T_F／品目コード／出荷方法／BL_DATE／数量／NET／GRS／M3／C/NO 開始／C/NO 終了／単価／合計 の15列が並ぶ | H10: 実装済
A11: 10 | B11: 確認画面 | C11: 一覧表示 | D11: 数値の書式 | E11: - | F11: 一覧を見る | G11: 単価は小数3桁、金額・合計は小数2桁、数量は3桁区切りの整数で表示される | H11: 実装済
A12: 11 | B12: 確認画面 | C12: 一覧表示 | D12: 日付の書式 | E12: - | F12: 一覧を見る | G12: B/L DATE が yyyy/MM/dd で表示される | H12: 実装済
A13: 12 | B13: 確認画面 | C13: 一覧表示 | D13: エラー行の色 | E13: エラーになる明細を含むデータ | F13: 一覧を見る | G13: err_status=1 の行がエラー色で表示される | H13: 実装済
... A63: 62 | B63: 確認画面 | C63: 編集 | D63: 金額を片方だけ直す | E63: - | F63: INVOICE の金額だけを直して本登録し、INVOICE 明細と PACKING 明細の金額を比べる | G63: 両明細の金額が食い違う。PACKING 側も直す必要がある | H63: 未実装
